Actual_Budget,Predicted_Budget
6700,5859.911958106151
5100,4748.5624163160555
9300,9312.795216399465
6300,6003.027445209086
8500,8364.436967900056
5300,5656.26196663874
